id,name,email
1,John Doe,john.doe@example.com
2,Jane Smith,jane.smith@example.com
3,Bob Johnson,bob.johnson@example.com
4,Alice Brown,alice.brown@example.com
5,Charlie Davis,charlie.davis@example.com
6,David Evans,david.evans@example.com
7,Eva Foster,eva.foster@example.com
8,Frank Green,frank.green@example.com
9,Grace Harris,grace.harris@example.com
10,Hank Ingram,hank.ingram@example.com
11,Ivy Johnson,ivy.johnson@example.com
12,Jack King,jack.king@example.com
13,Kate Lewis,kate.lewis@example.com
14,Liam Miller,liam.miller@example.com
15,Mia Nelson,mia.nelson@example.com
16,Noah Owens,noah.owens@example.com
17,Olivia Parker,olivia.parker@example.com
18,Paul Quinn,paul.quinn@example.com
19,Quinn Roberts,quinn.roberts@example.com
20,Rachel Scott,rachel.scott@example.com